nahco,TE,nahco
mmia,TE,mmia
airport,TE,airport
strabag,TR,strabag
base,TR,base
besam,TR,besam
mmia,TE,mmia
airport,TE,airport
strabag,TR,strabag
base,TR,base
besam,TR,besam
nahco,TE,nahco
nahco,TE,nahco
7/8,TR,7/8
five star,TR,five star
ballet,TR,ballet
odi oluwo,TR,odi oluwo
sanya,TR,sanya
coker,TR,coker
sunrise,TR,sunrise
trinity,TR,trinity
coconut,TE,coconut
nahco,TE,nahco
7/8,TR,7/8
charity,TR,charity
oshodi,TE,oshopey
oshodi,TE,oshopey
charity,TR,charity
five star,TR,five star
ballet,TR,ballet
odi oluwo,TR,odi oluwo
sanya,TR,sanya
coker,TR,coker
sunrise,TR,sunrise
trinity,TR,trinity
coconut,TE,coconut
oshodi,TE,oshopey
charity,TR,charity
five star,TR,five star
ballet,TR,ballet
odi oluwo,TR,odi oluwo
sanya,TR,sanya
coker,TR,coker
sunrise,TR,sunrise
trinity,TR,trinity
coconut,TR,coconut
liverpool,TR,liverpool
trebor,TR,trebor
wharf,TE,wharf
oshodi,TE,oshopey
obanikoro,TR,obanikoro
palmgrove,TR,palmgrove
onipanu,TR,onipanu
fadeyi,TR,fadeyi
jibowu,TR,jibowu
oshodi,TE,oshopey
obanikoro,TR,obanikoro
palmgrove,TR,palmgrove
onipanu,TR,onipanu
fadeyi,TR,fadeyi
jibowu,TR,jibowu
stadium,TR,stadium
cms,TE,cms
oshodi,TE,oshopey
bolade,TR,alade
pwd,TR,pwd
airport,TR,airport
ajayi farm,TR,ajayi farm
agege pen cinema,TE,agege pen cinema
oshodi,TE,oshopey
bolade,TR,alade
pwd,TR,pwd
airport,TR,airport
ajayi farm,TR,ajayi farm
mangoro,TR,mangoro
cement,TR,cement
dopemu,TR,dopemu
adealu,TR,adealu
oshodi,TE,oshopey
charity,TR,charity
five star,TR,five star
general hospital,TR,hospital
jakande,TR,jakande
nnpc,TR,nnpc
nepa,TR,nepa
synagogue,TR,synagogue
allen,TE,allen
elephant,TR,elephant
allen,TE,allen
obalende,TE,obalende
allen,TE,allen
elephant,TR,elephant
allen,TE,allen
hospital,TR,hospital
oshopey,TR,oshopey
plaza,TR,plaza 307
awosika,TR,awosika
onigbongbo,TR,onigbongbo
idiroko,TR,idiroko
obanikoro,TR,obanikoro
palmgrove,TR,palmgrove
onipanu,TR,onipanu
fadeyi,TR,fadeyi
jibowu,TR,jibowu
yaba,TE,yaba
allen,TE,allen
hospital,TR,hospital
oshopey,TR,oshopey
plaza,TR,plaza 307
awosika,TR,awosika
onigbongbo,TR,onigbongbo
idiroko,TR,idiroko
obanikoro,TR,obanikoro
palmgrove,TR,palmgrove
onipanu,TR,onipanu
fadeyi,TR,fadeyi
jibowu,TR,jibowu
wahum,TR,wahum
vintage,TR,vintage
vulcaniser,TR,vulcaniser
ogba,TE,ogba
balogun,TR,balogun
allen,TR,allen
elephant,TR,elephant
lawanson,TE,lawanson
lawanson,TE,lawanson
ogunlana,TR,ogunlana
municipal,TR,municipal
yaba,TE,yaba
lawanson,TE,lawanson
ogunlana,TR,ogunlana
municipal,TR,municipal
lawanson,TE,lawanson
ogunlana,TR,ogunlana
marsha,TR,masha
shita,TR,shita
stadium,TR,stadium
cms,TE,cms
lawanson,TE,lawanson
ogunlana,TR,ogunlana
marsha,TR,masha
shita,TR,shita
stadium,TR,stadium
lawanson,TE,lawanson
odo,TE,odo eran
lawanson,TE,lawanson
okota link bridge,TR,okota link bridge
lasu,TR,lasu
chemist,TR,chemist
gideon,TR,gideon
jakande,TR,jakande
nnpc,TR,nnpc
nepa,TR,nepa
synagogue,TR,synagogue
lasu,TR,lasu
chemist,TR,chemist
gideon,TR,gideon
jakande,TE,jakande
odi oluwo,TR,odi oluwo
sanya,TR,sanya
coker,TR,coker
sunrise,TR,sunrise
trinity,TR,trinity
coconut,TE,coconut
odi oluwo,TR,odi oluwo
sanya,TR,sanya
coker,TR,coker
sunrise,TR,sunrise
trinity,TR,trinity
coconut,TR,coconut
liverpool,TR,liverpool
trebor,TR,trebor
wharf,TE,wharf
lasu,TR,lasu
ago,TE,ago
lasu,TR,lasu
chemist,TR,chemist
gideon,TR,gideon
jakande,TR,jakande
nnpc,TR,nnpc
nepa,TR,nepa
okota link bridge,TR,okota link bridge
lawanson,TR,lawanson
ogunlana,TR,ogunlana
municipal,TR,municipal
yaba,TE,yaba
okota link bridge,TR,okota link bridge
lawanson,TE,lawanson
coker,TR,coker
doyin,TE,doyin
sunrise,TR,sunrise
trinity,TR,trinity
coconut,TR,coconut
liverpool,TR,liverpool
trebor,TR,trebor
wharf,TE,wharf
jibowu,TR,jibowu
fadeyi,TR,fadeyi
onipanu,TR,onipanu
palmgrove,TR,palmgrove
obanikoro,TR,obanikoro
idiroko,TR,idiroko
onigbongbo,TR,onigbongbo
awosika,TR,awosika
plaza,TR,plaza 307
oshopey,TR,oshopey
hospital,TR,hospital
allen,TR,allen
empire,TR,empire bus stop
idi-oro,TR,idi-oro
mushin,TR,mushin
ap club,TR,ap club
olorunsogo,TR,olorunsogo
challenge,TR,challenge
coca cola,TR,cocacola
cappa,TR,cappa
oshodi,TR,oshopey
bolade,TR,alade
pwd,TR,pwd
airport,TR,airport
ajayi farm,TR,ajayi farm
bank,TR,bank
agege pen cinema,TR,agege pen cinema
ogba,TE,ogba
stadium,TR,stadium
cms,TE,cms
jibowu,TR,jibowu
fadeyi,TR,fadeyi
onipanu,TR,onipanu
palmgrove,TR,palmgrove
obanikoro,TR,obanikoro
idiroko,TR,idiroko
ketu,TR,ketu
cms,TE,cms
sandfill,TR,sandfill
elf,TR,elf
chisco,TR,chisco
salem,TR,salem
agungi,TR,agungi
chevron,TR,chevron
eleganza shopping complex,TR,eleganza
ajah,TE,ajah
sandfill,TR,sandfill
obalende,TE,obalende
sandfill,TR,sandfill
cms,TE,cms
sandfill,TR,sandfill
cms,TR,cms
oshodi,TE,oshopey
ketu,TR,ketu
owode,TR,owode
irawo,TR,irawo
police post,TR,police post
ogolonto,TR,ogolonto
oja,TR,oja
haruna,TR,haruna
tos benson,TR,tos benson
maza maza,TR,maza maza
agboju,TR,agboju
oluti,TR,oluti
dantata,TR,dantata
trade fair,TR,trade fair
onireke,TR,onireke
volks,TR,volks
ppl,TR,ppl
okokomaiko,TR,okokomaiko
agbara,TR,agbara
magbon,TR,magbon
maza maza,TR,maza maza
agboju,TR,agboju
oluti,TR,oluti
dantata,TR,dantata
trade fair,TR,trade fair
onireke,TR,onireke
volks,TR,volks
ppl,TR,ppl
okokomaiko,TR,okokomaiko
agbara,TR,agbara
magbon,TR,magbon
empire,TR,empire bus stop
idi-oro,TR,idi-oro
olosha,TR,olosha
mushin,TR,mushin
ojuelegba,TE,ojuelegba bus station
empire,TR,empire bus stop
idi-oro,TR,idi-oro
mushin,TE,mushin
mushin,TE,mushin
idi-oro,TR,idi-oro
empire,TR,empire bus stop
ojuelegba,TR,ojuelegba bus station
stadium,TR,stadium
obalende,TE,obalende
obalende,TE,obalende
obalende,TE,obalende
olowu,TR,olosha
onyingbo,TE,onigbongbo
onyingbo,TE,onigbongbo
church,TR,church
lawanson,TE,lawanson
lawanson,TE,lawanson
balogun,TR,balogun
allen,TR,allen
ajayi farm,TR,ajayi farm
mangoro,TR,mangoro
cement,TR,cement
shasha,TR,masha
vulcanizer,TR,vulcaniser
ajayi farm,TR,ajayi farm
mangoro,TR,mangoro
cement,TR,cement
shasha,TE,masha
oja,TR,oja
banire,TR,bank
olorun adaba,TR,olorunsogo
church,TR,church
oja,TR,oja
odo eran,TR,odo eran
idowu egba,TR,idowu street
olorunfemi,TR,olorunsogo
ajakeye,TR,ajah
ajakeye,TR,ajah
ajakeye,TR,ajah
olorunfemi,TR,olorunsogo
idowu egba,TR,idowu street
odo eran,TR,odo eran
oja,TR,oja
banire,TR,bank
olorun adaba,TR,olorunsogo
church,TR,church
ajakeye,TR,ajah
olorunfemi,TR,olorunsogo
idowu egba,TR,idowu street
odo eran,TR,odo eran
ajakeye,TR,ajah
olorunfemi,TR,olorunsogo
oloye,TR,olosha
ajakeye,TR,ajah
olorunfemi,TR,olorunsogo
idowu egba,TR,idowu street
odo eran,TR,odo eran
oja,TR,oja
vulcanizer,TR,vulcaniser
shasha,TR,masha
cement,TR,cement
mangoro,TR,mangoro
ajayi farm,TR,ajayi farm
ppl,TR,ppl
okokomaiko,TR,okokomaiko
agbara,TR,agbara
magbon,TR,magbon
ppl,TR,ppl
okokomaiko,TR,okokomaiko
agbara,TR,agbara
magbon,TR,magbon
ppl,TR,ppl
okokomaiko,TR,okokomaiko
agbara,TE,agbara
ile ibadan,TE,ile-iwe
nepa,TR,nepa
bank,TR,bank
isherin oshun,TR,abule-oshun
isherin oshun,TR,abule-oshun
jakande,TE,jakande
isherin oshun,TR,abule-oshun
jakande,TR,jakande
gideon,TR,gideon
oja,TR,oja
chemist,TR,chemist
lasu,TR,lasu
synagogue,TR,synagogue
hostel,TR,eko hotel
nepa,TR,nepa
nnpc,TR,nnpc
jakande,TR,jakande
7/8,TR,7/8
charity,TR,charity
oshodi,TR,oshopey
cms,TR,cms
obalende,TE,obalende
synagogue,TR,synagogue
hostel,TR,eko hotel
nepa,TR,nepa
nnpc,TR,nnpc
jakande,TR,jakande
church,TR,church
olorun adaba,TR,olorunsogo
banire,TR,bank
oja,TR,oja
synagogue,TR,synagogue
hostel,TR,eko hotel
