nahco,TE
mmia,TE
airport,TE
strabag,TR
base,TR
besam,TR
mmia,TE
airport,TE
strabag,TR
base,TR
besam,TR
nahco,TE
nahco,TE
junction,TR
7/8,TR
toyota,TR
five star,TR
iyana isolo,TR
hassan,TR
ilasa,TR
iyana itire,TR
ballet,TR
cele express,TR
odi oluwo,TR
ijesha,TR
sanya,TR
coker,TR
second rainbow,TR
alaba express,TR
jakande bus stop,TR
mile2,TR
berger/kirikiri,TR
berger,TR
sunrise,TR
alaba express way,TR
trinity,TR
ware house,TR
coconut,TE
nahco,TE
junction,TR
7/8,TR
charity,TR
oshodi,TE
oshodi,TE
charity,TR
toyota,TR
five star,TR
iyana isolo,TR
hassan,TR
ilasa,TR
iyana itire,TR
ballet,TR
cele express,TR
odi oluwo,TR
ijesha,TR
sanya,TR
coker,TR
second rainbow,TR
alaba express,TR
jakande bus stop,TR
mile2,TR
berger/kirikiri,TR
berger,TR
sunrise,TR
alaba express way,TR
trinity,TR
ware house,TR
coconut,TE
oshodi,TE
charity,TR
toyota,TR
five star,TR
iyana isolo,TR
hassan,TR
ilasa,TR
iyana itire,TR
ballet,TR
cele express,TR
odi oluwo,TR
ijesha,TR
sanya,TR
coker,TR
second rainbow,TR
alaba express,TR
jakande bus stop,TR
mile2,TR
berger/kirikiri,TR
berger,TR
sunrise,TR
alaba express way,TR
trinity,TR
ware house,TR
coconut,TR
tincan 1st gate,TR
tincan 2nd gate,TR
liverpool,TR
trebor,TR
apapa,TR
wharf,TE
oshodi,TE
barracks ilupeju,TR
anthony,TR
obanikoro,TR
palmgrove,TR
onipanu,TR
fadeyi,TR
jibowu,TR
ojuelegba bus station,TE
oshodi,TE
barracks ilupeju,TR
anthony,TR
obanikoro,TR
palmgrove,TR
onipanu,TR
fadeyi,TR
jibowu,TR
ojuelegba bus station,TR
baba ijebu,TR
barracks,TR
stadium,TR
alaka,TR
constain,TR
ajah park,TR
cms,TE
oshodi,TE
bolade,TR
ladipo,TR
shogunle,TR
pwd,TR
airport,TR
national,TR
ikeja along,TR
ajayi farm,TR
ile zik,TR
old abeokuta road,TR
agege pen cinema,TE
oshodi,TE
bolade,TR
ladipo,TR
shogunle,TR
pwd,TR
airport,TR
national,TR
ikeja along,TR
ajayi farm,TR
ile zik,TR
mangoro,TR
cement,TR
dopemu,TR
pako,TR
adealu,TR
araromi,TR
iyana-ipaja,TE
oshodi,TE
charity,TR
toyota,TR
five star,TR
iyana isolo,TR
aye junction,TR
isolo,TR
orita mefa,TR
general hospital,TR
pako,TR
oke afa,TR
jakande,TR
nnpc,TR
nepa,TR
ejigbo,TR
cele,TR
ile-iwe,TR
synagogue,TR
ikotun,TE
allen,TE
testing ground,TR
cosmic,TR
elephant,TR
alausa,TR
kara,TR
ojodu/berger,TE
allen,TE
obalende,TE
allen,TE
testing ground,TR
cosmic,TR
elephant,TR
alausa,TR
secretariat,TE
allen,TE
alade,TR
ladipo,TR
hospital,TR
oshopey,TR
plaza,TR
sensation,TR
awosika,TR
salvation,TR
junction,TR
kingsway,TR
leventis,TR
onigbongbo,TR
maryland,TR
idiroko,TR
anthony,TR
obanikoro,TR
palmgrove,TR
onipanu,TR
fadeyi,TR
jibowu,TR
yaba,TE
allen,TE
alade,TR
ladipo,TR
hospital,TR
oshopey,TR
plaza,TR
sensation,TR
awosika,TR
salvation,TR
junction,TR
kingsway,TR
leventis,TR
onigbongbo,TR
maryland,TR
idiroko,TR
anthony,TR
obanikoro,TR
palmgrove,TR
onipanu,TR
fadeyi,TR
jibowu,TR
ojuelegba bus station,TE
ikeja bridge,TE
wahum,TR
aba johnson,TR
vintage,TR
vulcaniser,TR
first gate,TR
ogba,TE
ikeja bridge,TE
ikeja,TR
balogun,TR
allen,TR
testing ground,TR
cosmic,TR
elephant,TR
alausa,TR
secretariat,TE
iyana itire,TE
itire road junction,TR
pako,TR
lawanson,TE
lawanson,TE
ogunlana,TR
municipal,TR
ojuelegba bus station,TR
yaba,TE
lawanson,TE
ogunlana,TR
municipal,TR
ojuelegba bus station,TE
lawanson,TE
ogunlana,TR
marsha,TR
shita,TR
stadium,TR
alaka,TR
constain,TR
ajah park,TR
cms,TE
lawanson,TE
ogunlana,TR
marsha,TR
shita,TR
stadium,TR
alaka,TR
constain,TE
lawanson,TE
itire road junction,TR
odo,TE
lawanson,TE
okota link bridge,TR
cele express,TE
cele express,TE
lasu,TR
ago junction,TR
ago roundabout,TR
barracks,TR
chemist,TR
gideon,TR
pako,TR
oke afa,TR
jakande,TR
nnpc,TR
nepa,TR
ejigbo,TR
ori-oke,TR
cele,TR
ile-iwe,TR
synagogue,TR
ikotun,TE
cele express,TE
lasu,TR
ago junction,TR
ago roundabout,TR
barracks,TR
chemist,TR
gideon,TR
pako,TR
oke afa,TR
jakande,TE
cele express,TE
odi oluwo,TR
ijesha,TR
sanya,TR
coker,TR
second rainbow,TR
alaba express,TR
jakande bus stop,TR
mile2,TR
berger/kirikiri,TR
berger,TR
sunrise,TR
alaba express way,TR
trinity,TR
ware house,TR
coconut,TE
cele express,TE
odi oluwo,TR
ijesha,TR
sanya,TR
coker,TR
second rainbow,TR
alaba express,TR
jakande bus stop,TR
mile2,TR
berger/kirikiri,TR
berger,TR
sunrise,TR
alaba express way,TR
trinity,TR
ware house,TR
coconut,TR
tincan 1st gate,TR
tincan 2nd gate,TR
liverpool,TR
trebor,TR
apapa,TR
wharf,TE
cele express,TE
lasu,TR
ago,TE
cele express,TE
lasu,TR
ago junction,TR
ago roundabout,TR
barracks,TR
chemist,TR
gideon,TR
pako,TR
oke afa,TR
jakande,TR
nnpc,TR
nepa,TR
ejigbo,TE
cele express,TE
okota link bridge,TR
lawanson,TR
ogunlana,TR
municipal,TR
ojuelegba bus station,TR
yaba,TE
cele express,TE
okota link bridge,TR
lawanson,TE
mile 2,TE
alaba suru,TR
oduade,TR
coker,TR
orile,TR
doyin,TE
mile2,TE
berger/kirikiri,TR
berger,TR
sunrise,TR
alaba express way,TR
trinity,TR
ware house,TR
coconut,TR
tincan 1st gate,TR
tincan 2nd gate,TR
liverpool,TR
trebor,TR
apapa,TR
wharf,TE
ojuelegba bus station,TE
ajegunle,TE
ojuelegba bus station,TE
jibowu,TR
fadeyi,TR
onipanu,TR
palmgrove,TR
obanikoro,TR
anthony,TR
idiroko,TR
maryland,TR
onigbongbo,TR
leventis,TR
kingsway,TR
junction,TR
salvation,TR
awosika,TR
sensation,TR
plaza,TR
oshopey,TR
hospital,TR
ladipo,TR
alade,TR
allen,TR
ikeja,TE
ojuelegba bus station,TE
empire,TR
moshalasi,TR
idi-oro,TR
oloosa,TR
mushin,TR
ap club,TR
olorunsogo,TR
challenge,TR
coca cola,TR
cappa,TR
oshodi,TR
bolade,TR
ladipo,TR
shogunle,TR
pwd,TR
airport,TR
ikeja along,TR
ajayi farm,TR
ile zik,TR
bank,TR
old abeokuta rd,TR
agege pen cinema,TR
odo eran bus stop,TR
second gate bus stop,TR
ogba,TE
ojuelegba bus station,TE
baba ijebu,TR
barracks,TR
stadium,TR
alaka,TR
constain,TR
ajah park,TR
cms,TE
ojuelegba bus station,TE
jibowu,TR
fadeyi,TR
onipanu,TR
palmgrove,TR
obanikoro,TR
anthony,TR
idiroko,TR
maryland,TR
ojota,TR
ketu,TR
iyana school,TR
mile 12 underbridge,TE
cms,TE
barracks,TR
bonny camp,TR
oniru,TR
law school,TR
sandfill,TR
oniru estate,TR
lekki phase 1,TR
new market,TR
2nd roundabout lekki,TR
mobalaji johnson,TR
elf,TR
3rd roundabout lekki,TR
4th roundabout lekki,TR
chisco,TR
ilasan,TR
salem,TR
5th roundabout lekki,TR
agungi,TR
igbo efon,TR
kings guard,TR
7th roundabout lekki,TR
chevron,TR
tipper garage,TR
2nd tollgate,TR
total,TR
ikota,TR
eleganza shopping complex,TR
ilaje,TR
ajah,TE
1st roundabout lekki,TE
oniru estate,TR
sandfill,TR
law school,TR
falomo,TR
obalende,TE
1st roundabout lekki,TE
oniru estate,TR
sandfill,TR
law school,TR
oniru,TR
bonny camp,TR
barracks,TR
cms,TE
1st roundabout lekki,TE
oniru estate,TR
sandfill,TR
law school,TR
oniru,TR
bonny camp,TR
barracks,TR
cms,TR
ajah park,TR
constain,TE
oshodi,TE
maryland,TR
ojota,TR
ketu,TR
mile 12,TR
owode,TR
irawo,TR
police post,TR
ajegunle,TR
ogolonto,TR
oja,TR
agric,TR
cele,TR
haruna,TR
tos benson,TR
ikorodu garage,TE
mile 2,TE
maza maza,TR
mosalashi,TR
pako,TR
second gate,TR
agboju,TR
oluti,TR
alakija,TR
dantata,TR
v-niger,TR
abule-ado,TR
trade fair,TR
abule-oshun,TR
onireke,TR
barracks,TR
agric,TR
ilaje,TR
volks,TR
iyana iba,TR
ppl,TR
alabarago,TR
moshalasi 2,TR
okokomaiko,TR
under bridge,TR
agbara,TR
magbon,TR
araromi,TR
mosafejo,TR
mammy market ibereko,TR
badagry garage,TE
alaba suru,TE
mile 2,TR
maza maza,TR
mosalashi,TR
pako,TR
second gate,TR
agboju,TR
oluti,TR
alakija,TR
dantata,TR
v-niger,TR
abule-ado,TR
trade fair,TR
abule-oshun,TR
onireke,TR
barracks,TR
agric,TR
ilaje,TR
volks,TR
iyana iba,TR
ppl,TR
alabarago,TR
moshalasi 2,TR
okokomaiko,TR
under bridge,TR
agbara,TR
magbon,TR
araromi,TR
mosafejo,TR
mammy market ibereko,TR
badagry garage,TR
seme ,TE
ojulegba,TE
empire,TR
mosalashi,TR
idi-oro,TR
olosha,TR
mushin,TR
iyana isolo,TE
ojuelegba,TE
empire,TR
mosalashi,TR
idi-oro,TR
oloosa,TR
mushin,TE
mushin,TE
oloosa,TR
idi-oro,TR
mosalashi,TR
empire,TR
ojuelegba,TR
barracks,TR
stadium,TR
alaka,TR
iponri,TR
constain,TR
brewery,TR
ijora/7up,TE
ijora/7up,TE
ijora,TR
idumota,TE
obalende,TE
forest street,TR
adekunle lawal street,TR
oba adeyinka oyekan avenue,TR
glover road,TR
barrow avenue,TR
gerard avenue,TR
parkview,TE
obalende,TE
osborne road,TR
dolphin gate,TR
underbridge,TR
oba adeyinka oyekan avenue,TE
obalende,TE
olowu,TR
iddo,TR
otto,TR
onyingbo,TE
onyingbo,TE
otto,TR
iddo,TR
ijora olopa,TR
ijora/7up,TR
pako*,TR
boundary,TE
boundary,TE
second nosamu,TR
ago hausa,TR
okoya,TR
aiyenero,TR
church,TR
aduke junction,TR
e.c.n. junction,TR
alao,TR
ligali,TR
owoyemi,TR
barrack,TR
alaba suru,TR
**bustops need to be added to Db,TE
ijesha,TE
ijesha market,TR
itire road junction*,TR
pako,TR
lawanson,TE
lawanson,TE
itire road junction*,TR
ijesha market,TE
Ikeja,TE
balogun,TR
allen,TR
clay,TR
oregun,TR
welfare,TR
first bank,TR
olushosun,TR
ojota,TE
ikeja,TE
ajayi farm,TR
ile zik,TR
mangoro,TR
cement,TR
shasha,TR
cele,TR
jimoh,TR
vulcanizer,TR
baale,TR
micom,TR
bakery,TR
Egbeda,TE
ikeja,TE
ajayi farm,TR
ile zik,TR
mangoro,TR
cement,TR
shasha,TE
egbeda,TE
okunola,TR
oja,TR
orelope,TR
seliat,TR
abule odu,TR
ilepo alhaji,TR
faith,TR
car wash,TR
baba oba,TR
lab,TR
isherin olofin,TR
idimu,TR
alhaja,TR
council,TR
pad,TR
arida,TR
foursquare,TR
paradise,TR
college,TR
ikotun,TE
egbeda,TE
mokola,TR
banire,TR
ponle,TR
olorun adaba,TR
church,TR
alimosho,TR
alagutan,TR
iyana ipaja,TE
egbeda,TE
okunola,TR
oja,TR
orelope,TR
seliat,TR
abule odu,TR
ilepo alhaji,TR
faith,TR
car wash,TR
baba oba,TR
lab,TR
isherin olofin,TR
pipeline,TR
odo eran,TR
association,TR
idowu egba,TR
unity,TR
general,TR
ede,TR
oko filling,TR
igando,TR
olorunfemi,TR
olowo ila,TR
akesan junction,TR
araromi,TR
ewedogbon,TR
adexson,TR
afolabi,TR
bus stop,TR
iba junction,TR
adoff,TR
iyana school,TR
ajakeye,TR
ipaye,TR
iba estate,TR
iyana iba,TE
iyana iba,TE
iba estate,TE
iyana iba,TE
iba estate,TR
ipaye,TR
ajakeye,TR
iyana school,TR
adoff,TR
iba junction,TE
iyana iba,TE
iba estate,TR
ipaye,TR
ajakeye,TR
iyana school,TR
adoff,TR
iba junction,TR
bus stop,TR
afolabi,TR
adexson,TR
ewedogbon,TR
araromi,TR
akesan junction,TR
olowo ila,TR
olorunfemi,TR
igando,TR
oko filling,TR
ede,TR
general,TR
unity,TR
idowu egba,TR
association,TR
odo eran,TR
pipeline,TR
isherin olofin,TR
lab,TR
baba oba,TR
car wash,TR
faith,TR
ilepo alhaji,TR
abule odu,TR
seliat,TR
orelope,TR
oja,TR
okunola,TR
egbeda,TR
mokola,TR
banire,TR
ponle,TR
olorun adaba,TR
church,TR
alimosho,TR
alagutan,TR
iyana ipaja,TE
iyana iba,TE
iba estate,TR
ipaye,TR
ajakeye,TR
iyana school,TR
adoff,TR
iba junction,TR
bus stop,TR
afolabi,TR
adexson,TR
ewedogbon,TR
araromi,TR
akesan junction,TR
olowo ila,TR
olorunfemi,TR
igando,TR
oko filling,TR
ede,TR
general,TR
unity,TR
idowu egba,TR
association,TR
odo eran,TR
pipeline,TR
isherin olofin,TE
iyana iba,TE
iba estate,TR
ipaye,TR
ajakeye,TR
iyana school,TR
adoff,TR
iba junction,TR
bus stop,TR
afolabi,TR
adexson,TR
ewedogbon,TR
araromi,TR
akesan junction,TR
olowo ila,TR
olorunfemi,TR
igando,TR
bakari,TR
oloye,TR
ikotun,TE
iyana iba,TE
iba estate,TR
ipaye,TR
ajakeye,TR
iyana school,TR
adoff,TR
iba junction,TR
bus stop,TR
afolabi,TR
adexson,TR
ewedogbon,TR
araromi,TR
akesan junction,TR
olowo ila,TR
olorunfemi,TR
igando,TR
oko filling,TR
ede,TR
general,TR
unity,TR
idowu egba,TR
association,TR
odo eran,TR
pipeline,TR
isherin olofin,TR
lab,TR
baba oba,TR
car wash,TR
faith,TR
ilepo alhaji,TR
abule odu,TR
seliat,TR
orelope,TR
oja,TR
okunola,TR
egbeda,TR
bakery,TR
micom,TR
baale,TR
vulcanizer,TR
jimoh,TR
cele,TR
shasha,TR
cement,TR
mangoro,TR
ile zik,TR
ajayi farm,TR
ikeja along,TR
national,TR
ikeja,TE
iyana iba,TE
ppl,TR
alabarago,TR
moshalasi 2,TR
okokomaiko,TR
under bridge,TR
agbara,TR
magbon,TR
araromi,TR
mosafejo,TR
mammy market ibereko,TR
badagry garage,TE
iyana iba,TE
ppl,TR
alabarago,TR
moshalasi 2,TR
okokomaiko,TR
under bridge,TR
agbara,TR
magbon,TR
araromi,TR
mosafejo,TR
mammy market ibereko,TR
badagry garage,TR
seme,TE
iyana iba,TE
ppl,TR
alabarago,TR
moshalasi 2,TR
okokomaiko,TR
under bridge,TR
agbara,TE
ile ibadan,TE
st saviours,TR
prince,TR
papa major,TR
nepa,TR
taylor,TR
obalagbe,TR
sule,TR
bank,TR
isherin oshun,TR
ijegun*,TE
ijegun,TE
isherin oshun,TR
ije ododo,TR
transformer,TR
estate junction,TR
junction ,TR
jakande,TE
ijegun,TE
isherin oshun,TR
ije ododo,TR
transformer,TR
estate junction,TR
junction ,TR
jakande,TR
oke afa,TR
pako,TR
isolo,TR
gideon,TR
oja,TR
chemist,TR
barracks,TR
ago roundabout,TR
ago junction,TR
lasu,TR
cele express,TE
ikotun,TE
synagogue,TR
bolowupelu,TR
Ile iwe,TR
hostel,TR
cele,TR
ori-oke,TR
ile-epo,TR
ejigbo,TR
nepa,TR
nnpc,TR
jakande,TR
oke afa,TR
aye junction,TR
aswani market junction,TR
7/8,TR
charity,TR
oshodi,TR
barracks,TR
anthony,TR
west end,TR
first pedro,TR
charly boy,TR
second pedro,TR
gbagada,TR
new garage,TR
olojojo,TR
iyana oworo,TR
adeniji adele,TR
leventis,TR
cms,TR
obalende,TE
ikotun,TE
synagogue,TR
bolowupelu,TR
Ile iwe,TR
hostel,TR
cele,TR
ori-oke,TR
ile-epo,TR
ejigbo,TR
nepa,TR
nnpc,TR
jakande,TR
oke afa,TR
pako,TR
isolo,TE
iyana ipaja,TE
alagutan,TR
alimosho,TR
church,TR
olorun adaba,TR
ponle,TR
banire,TR
mokola,TR
egbeda,TR
okunola,TR
oja,TR
orelope,TR
seliat,TR
abule odu,TR
ilepo alhaji,TR
faith,TR
car wash,TR
baba oba,TR
lab,TR
isherin olofin,TR
idimu,TR
alhaja,TR
council,TR
pad,TR
arida,TR
foursquare,TR
paradise,TR
college,TR
ikotun,TE
ikotun,TE
synagogue,TR
bolowupelu,TR
Ile iwe,TR
hostel,TR
cele,TR
ori-oke,TR
ile-epo,TR
ejigbo,TE
